data_id,data_title,category_id,file_path,source_url,collected_at,updated_at,press,published_at
4373250914,"서울시, 청년수당 참여자 6000명 추가 모집…""6개월간 월 50만원 지원""",1,output\news_20260526\naver_0001.txt,https://www.news1.kr/local/moi/6176850,2026-05-26,2026-05-26,news1,2026-05-26
2018777496,"재외동포청, 고려인·중국동포단체 대상 민원 설명회 개최",1,output\news_20260526\naver_0014.txt,https://www.news1.kr/diplomacy/overseas-koreans/6175516,2026-05-26,2026-05-26,news1,2026-05-22
5323473727,"대학일자리플러스센터, '청년고용정책홍보회' 개최",1,output\news_20260526\naver_0011.txt,http://www.netongs.com/news/articleView.html?idxno=333081,2026-05-26,2026-05-26,netongs,2026-05-22
2025990833,"국립한밭대, 청년고용정책 페스티벌 성료",1,output\news_20260526\naver_0006.txt,http://www.cctimes.kr/news/articleView.html?idxno=908263,2026-05-26,2026-05-26,cctimes,2026-05-25
0383759452,"고려대, 한국장애인고용공단과 함께 '2026 장애인 공직설명회' 개최",1,output\news_20260526\naver_0010.txt,http://www.enewstoday.co.kr/news/articleView.html?idxno=2432447,2026-05-26,2026-05-26,enewstoday,2026-05-22
9260506007,"고려대, 장애학생 이동권 강화 나선다",1,output\news_20260526\naver_0008.txt,https://www.newstnt.com/news/articleView.html?idxno=703716,2026-05-26,2026-05-26,newstnt,2026-05-24
9803671484,"경주시, '청년도전지원사업' 확대 운영...구직단념 청년 사회복귀 지원",1,output\news_20260526\naver_0005.txt,https://www.hidomin.com/news/articleView.html?idxno=706680,2026-05-26,2026-05-26,hidomin,2026-05-25
6679723773,"동신대, 국가직 지역인재 7급 합격자 배출",1,output\news_20260526\naver_0004.txt,https://www.namdonews.com/news/articleView.html?idxno=911576,2026-05-26,2026-05-26,namdonews,2026-05-25
1901229106,"문경시, 청년 취업지원 '성장프로젝트' 운영",1,output\news_20260526\naver_0018.txt,https://www.idaegu.co.kr/news/articleView.html?idxno=548925,2026-05-26,2026-05-26,idaegu,2026-05-21
0367598512,"고려대-한국장애인고용공단, '장애인 공직설명회' 개최",1,output\news_20260526\naver_0013.txt,https://www.newsfreezone.co.kr/news/articleView.html?idxno=691273,2026-05-26,2026-05-26,newsfreezone,2026-05-22
3704330591,"[포토뉴스] 대전대, 1학기 취업대특강 운영",1,output\news_20260526\naver_0021.txt,https://daily.hankooki.com/news/articleView.html?idxno=1369688,2026-05-26,2026-05-26,daily,2026-05-21
6064071074,"김영환, 충북 4050 '재도약 프로젝트' 발표…""일자리 10만개 창출""",1,output\news_20260526\naver_0009.txt,https://www.newspim.com/news/view/20260523000134,2026-05-26,2026-05-26,newspim,2026-05-23
1906750197,"한밭대, 미래형 융합 인재 양성 및 고용 지원 '투트랙' 가동",1,output\news_20260526\naver_0016.txt,http://www.ccnnews.co.kr/news/articleView.html?idxno=409977,2026-05-26,2026-05-26,ccnnews,2026-05-22
3784188376,"영남이공대학교, 토크콘서트 형식으로 학생 및 청년들 취업 진로 상담 ...",1,output\news_20260526\naver_0023.txt,https://www.gukjenews.com/news/articleView.html?idxno=3588764,2026-05-26,2026-05-26,gukjenews,2026-05-21
6757939617,"인지어스, '청년지원단' 참여자 모집…""현장형 취업지원 강화""",1,output\news_20260526\naver_0020.txt,https://www.mt.co.kr/industry/2026/05/21/2026052113494463952,2026-05-26,2026-05-26,mt,2026-05-21
1381511477,"[교육소식]대전대·대전보건대, '동구 정책디자인단' 발대식 등",1,output\news_20260526\naver_0024.txt,https://www.newsis.com/view/NISX20260521_0003639451,2026-05-26,2026-05-26,newsis,2026-05-21
8361552725,"""문턱 없는 캠퍼스·진로 열어준다""…고려대, '장애인 공직설명회' 개최...",1,output\news_20260526\naver_0015.txt,http://www.dailysmart.co.kr/news/articleView.html?idxno=124513,2026-05-26,2026-05-26,dailysmart,2026-05-22
9000182922,"대전권 대학들, 진로 및 창업 실전 특강 개최...대전대·충남대 특강",1,output\news_20260526\naver_0019.txt,http://www.ccnnews.co.kr/news/articleView.html?idxno=409930,2026-05-26,2026-05-26,ccnnews,2026-05-21
3769484956,"홍천군, '여성 구직활동 지원사업' 추가 모집…3명 선발",1,output\news_20260526\naver_0026.txt,https://www.shinailbo.co.kr/news/articleView.html?idxno=5023035,2026-05-26,2026-05-26,shinailbo,2026-05-21
1547725159,"[위클리오늘] 김포시, 제4회 구인·구직 만남의 날 열어…8개 기업 참여",1,output\news_20260526\naver_0031.txt,http://www.weeklytoday.com/news/articleView.html?idxno=776490,2026-05-26,2026-05-26,weeklytoday,2026-05-20
7178710211,"대전 현대자동차직업전문학교, 실무형 교육 '자동차정비산업기사' 과정...",1,output\news_20260526\naver_0032.txt,https://www.ksilbo.co.kr/news/articleView.html?idxno=1057287,2026-05-26,2026-05-26,ksilbo,2026-05-20
7876360268,"강남대, 직무 페스티벌 통해 현장 중심 취업 지원",1,output\news_20260526\naver_0027.txt,https://news.unn.net/news/articleView.html?idxno=592747,2026-05-26,2026-05-26,news,2026-05-21
8445676417,[美경제현장 현지 취재①] 조지아 '한국 근로자 구금' 9개월…' 비자 홍...,1,output\news_20260526\naver_0002.txt,http://www.econotelling.com/news/articleView.html?idxno=20476,2026-05-26,2026-05-26,econotelling,2026-05-26
6665156458,"[문경 24시] 마음 챙기고 실무 역량 키운다…문경시, 청년 구직자 전방...",1,output\news_20260526\naver_0033.txt,https://www.sisajournal.com/news/articleView.html?idxno=373478,2026-05-26,2026-05-26,sisajournal,2026-05-20
9979799527,"[CITY BRANDING] 서울 강서구, 자활사업으로 주민 자립 지도 넓게 펼쳤다",1,output\news_20260526\naver_0017.txt,https://www.cnbizm.com/news/articleView.html?idxno=303689,2026-05-26,2026-05-26,cnbizm,2026-05-22
9682724736,"문경시, '2026 청년성장프로젝트' 참여자 모집",1,output\news_20260526\naver_0034.txt,https://www.gukjenews.com/news/articleView.html?idxno=3586869,2026-05-26,2026-05-26,gukjenews,2026-05-19
6528857207,"前국정원 요원 ""5.18 유공자 명단에 운동권 정치인 다수… 국가 혈세로...",1,output\news_20260526\naver_0030.txt,https://www.newscj.com/news/articleView.html?idxno=3402392,2026-05-26,2026-05-26,newscj,2026-05-20
7427259679,"제천시, 하반기 공공근로사업 260명 '선발'",1,output\news_20260526\naver_0036.txt,https://www.ccdailynews.com/news/articleView.html?idxno=2418220,2026-05-26,2026-05-26,ccdailynews,2026-05-25
1595198279,"이장우·허태정 한목소리 ""공동관리아파트, 혁신·육성 공간"" 시장후보...",1,output\news_20260526\naver_0029.txt,http://www.hellodd.com/news/articleView.html?idxno=111858,2026-05-26,2026-05-26,hellodd,2026-05-20
4827288564,"박종효 후보 ""어르신 맞춤형 일자리·스마트 고물상 확대 추진""",1,output\news_20260526\naver_0038.txt,https://www.gukjenews.com/news/articleView.html?idxno=3591387,2026-05-26,2026-05-26,gukjenews,2026-05-25
6605172913,[장욱희의 중장년 취업에세이] 장기실직 중장년 다시 노동시장으로 돌아...,1,output\news_20260526\naver_0028.txt,https://www.newspim.com/news/view/20260520000103,2026-05-26,2026-05-26,newspim,2026-05-21
8761842725,[뉴스줌인] 정당별 지방선거 공약 비교해보니…청년 1인가구 지원 방식...,1,output\news_20260526\naver_0022.txt,http://www.dailypop.kr/news/articleView.html?idxno=98971,2026-05-26,2026-05-26,dailypop,2026-05-21
6301585384,"김정헌 후보 ""청년이 직접 정책 제안하는 '영종 청년 거버넌스' 구축""",1,output\news_20260526\naver_0040.txt,https://www.gukjenews.com/news/articleView.html?idxno=3591384,2026-05-26,2026-05-26,gukjenews,2026-05-25
1886042941,"[6·3지선 인터뷰] 이철우 ""경북 중심 지방시대 완성""",1,output\news_20260526\naver_0046.txt,https://www.newspim.com/news/view/20260523000028,2026-05-26,2026-05-26,newspim,2026-05-23
7588628560,"경남도, 사회연대경제 활성화 본격 추진",1,output\news_20260526\naver_0039.txt,http://www.gndomin.com/news/articleView.html?idxno=476585,2026-05-26,2026-05-26,gndomin,2026-05-25
2855170177,"이기재 ""양천 변화 완성할 때"" [6·3 지선 인터뷰]",1,output\news_20260526\naver_0044.txt,https://www.sisaon.co.kr/news/articleView.html?idxno=201326,2026-05-26,2026-05-26,sisaon,2026-05-24
6610845370,"경남도, 사회연대경제 활성화 본격 추진",1,output\news_20260526\naver_0042.txt,https://www.newsgn.com/news/articleView.html?idxno=553669,2026-05-26,2026-05-26,newsgn,2026-05-25
5155574696,"""새로운 리더십, 결과를 만드는 제주도정 필요""",1,output\news_20260526\naver_0041.txt,https://www.jejumaeil.net/news/articleView.html?idxno=401178,2026-05-26,2026-05-26,jejumaeil,2026-05-25
3573548502,"일자리 숨통 틔운다…동구, 하반기 공공일자리 35명 모집",1,output\news_20260526\naver_0051.txt,https://www.ccdailynews.com/news/articleView.html?idxno=2417924,2026-05-26,2026-05-26,ccdailynews,2026-05-22
7320112223,"[나눔 트렌드] 충북가정위탁지원센터 위탁모 이정옥 씨, 가정위탁 공로...",1,output\news_20260526\naver_0047.txt,https://www.ibabynews.com/news/articleView.html?idxno=151592,2026-05-26,2026-05-26,ibabynews,2026-05-22
1913834747,"[6.3지선 후보 인터뷰] 더불어민주당 박우량 ""신안형 기본소득 모델 완...",1,output\news_20260526\naver_0037.txt,https://www.newscj.com/news/articleView.html?idxno=3403766,2026-05-26,2026-05-26,newscj,2026-05-25
4497958706,"경남도, 사회적경제 육성 시행계획 확정…88억 원 예산 투입",1,output\news_20260526\naver_0049.txt,https://www.newspim.com/news/view/20260522000554,2026-05-26,2026-05-26,newspim,2026-05-22
1398163591,"[경제·사회 포커스] 첫단추 꿴 통합시, 설계도가 없다",1,output\news_20260526\naver_0053.txt,http://www.gjdream.com/news/articleView.html?idxno=669624,2026-05-26,2026-05-26,gjdream,2026-05-22
5385453272,[지선 D-12] 서울 공약 대결… 정원오 '복지' vs 오세훈 '부동산',1,output\news_20260526\naver_0048.txt,https://www.sisaweek.com/news/articleView.html?idxno=235675,2026-05-26,2026-05-26,sisaweek,2026-05-22
0573583258,"[복지뉴스] 한국자활복지개발원·서민금융진흥원, 신용·부채 관리 지원...",1,output\news_20260526\naver_0054.txt,https://www.ibabynews.com/news/articleView.html?idxno=151552,2026-05-26,2026-05-26,ibabynews,2026-05-21
4020252448,"국세청, 울산 체납관리단 기간제 근로자 104명 채용",1,output\news_20260526\naver_0055.txt,http://www.ujeil.com/news/articleView.html?idxno=386123,2026-05-26,2026-05-26,ujeil,2026-05-21
7851844354,"[종합] 김민석 ""AI, 축복이자 인류 재앙 될 수도""…韓, 글로벌 허브로 해...",1,output\news_20260526\naver_0057.txt,https://zdnet.co.kr/view/?no=20260521162314,2026-05-26,2026-05-26,zdnet,2026-05-21
6493515571,"강북구, 9월까지 폭염 종합대책 가동… 취약계층 보호 총력",1,output\news_20260526\naver_0058.txt,https://www.job-post.co.kr/news/articleView.html?idxno=216504,2026-05-26,2026-05-26,job-post,2026-05-21
9145137173,취약계층 보호와 현장 중심 대응 강화...강북구 '2026년 폭염 종합대책...,1,output\news_20260526\naver_0060.txt,https://www.cnbizm.com/news/articleView.html?idxno=303567,2026-05-26,2026-05-26,cnbizm,2026-05-21
0496366316,"강북구, 폭염 종합대책 본격 가동… 취약계층 보호·폭염 저감 총력",1,output\news_20260526\naver_0061.txt,https://www.m-i.kr/news/articleView.html?idxno=1375081,2026-05-26,2026-05-26,m-i,2026-05-21
7591604132,"[6·3지방선거 현장]이윤행 조국혁신당 함평군수 후보 ""이주노동자·취...",1,output\news_20260526\naver_0064.txt,https://www.namdonews.com/news/articleView.html?idxno=911186,2026-05-26,2026-05-26,namdonews,2026-05-20
2969012445,"구미시, 다자녀 지원 확대…""아이 키우기 좋은 도시"" 속도전",1,output\news_20260526\naver_0065.txt,https://www.kyongbuk.co.kr/news/articleView.html?idxno=4073420,2026-05-26,2026-05-26,kyongbuk,2026-05-20
4765274871,"여성, 청년, 미래인재 양성까지...서초구, 역대 최대 규모 지역 일자리...",1,output\news_20260526\naver_0063.txt,https://www.cnbizm.com/news/articleView.html?idxno=303485,2026-05-26,2026-05-26,cnbizm,2026-05-20
5665054125,"[6·3지선 인터뷰] 전재수 ""부산시장 되면 즉시 '민생 100일 비상조치' ...",1,output\news_20260526\naver_0066.txt,https://weekly.hankooki.com/news/articleView.html?idxno=7165193,2026-05-26,2026-05-26,weekly,2026-05-20
3898143203,"[6·3 선택, 후보에게 묻다] 채명신 경기도의원 후보, 용인 제5선거구 문...",1,output\news_20260526\naver_0052.txt,https://www.etnews.com/20260522000022,2026-05-26,2026-05-26,etnews,2026-05-22
2475107482,[광주·영광소식]남광주농협 '농협생명 연도대상' 전국 1위 등,1,output\news_20260526\naver_0072.txt,https://www.newsis.com/view/NISX20260414_0003590533,2026-05-26,2026-05-26,newsis,2026-04-14
4508512273,"구미시, 다자녀 가정 위한 '체감형 지원' 확대…주거·일자리·생활 혜택...",1,output\news_20260526\naver_0069.txt,https://www.hidomin.com/news/articleView.html?idxno=706119,2026-05-26,2026-05-26,hidomin,2026-05-20
6606948033,"영광군, 청년 정착 유도 '일자리 장려금' 참여기업 모집",1,output\news_20260526\naver_0071.txt,https://www.newsclaim.co.kr/news/articleView.html?idxno=3060720,2026-05-26,2026-05-26,newsclaim,2026-04-15
2259950236,"이노비즈協, 청년일자리도약장려금 참여기업 모집",1,output\news_20260526\naver_0070.txt,http://www.kbiznews.co.kr/news/articleView.html?idxno=113939,2026-05-26,2026-05-26,kbiznews,2026-04-20
3132553080,"이노비즈협회, 2026년 청년일자리도약장려금 참여기업 모집",1,output\news_20260526\naver_0073.txt,https://www.koit.co.kr/news/articleView.html?idxno=206698,2026-05-26,2026-05-26,koit,2026-04-13
5452943641,"구미시, 다자녀 부모 부담 덜어주는 '육아 동반자'",1,output\news_20260526\naver_0068.txt,https://view.asiae.co.kr/article/2026052013504603544,2026-05-26,2026-05-26,view,2026-05-20
0044526037,"[인터뷰] 위성곤 제주도지사 후보 ""민생부터 AI 대전환까지…제주 미래...",1,output\news_20260526\naver_0067.txt,https://www.newsjeju.net/news/articleView.html?idxno=421069,2026-05-26,2026-05-26,newsjeju,2026-05-20
8941417915,"이노비즈협회, 청년일자리도약장려금 참여기업 모집",1,output\news_20260526\naver_0075.txt,https://view.asiae.co.kr/article/2026041009051275250,2026-05-26,2026-05-26,view,2026-04-12
9516561236,공공임대주택 제도 개선과 주거복지 정책 변화,1,output\news_20260526\naver_0062.txt,https://news.bbsi.co.kr/news/articleView.html?idxno=4084801,2026-05-26,2026-05-26,news,2026-05-21
7125344127,"이노비즈협회, '청년일자리도약장려금' 참여기업 모집…채용 기업에 최...",1,output\news_20260526\naver_0077.txt,https://www.etnews.com/20260410000055,2026-05-26,2026-05-26,etnews,2026-04-10
7536166456,"‘청년 채용하면 최대 720만원’…이노비즈협회, 도약장려금 참여기업 ...",1,output\news_20260526\naver_0078.txt,https://biz.heraldcorp.com/article/10714158?ref=naver,2026-05-26,2026-05-26,biz,2026-04-10
9964742633,청년 채용하면 최대 720만원…비수도권은 추가 720만원 지원,1,output\news_20260526\naver_0076.txt,https://www.m-i.kr/news/articleView.html?idxno=1363596,2026-05-26,2026-05-26,m-i,2026-04-12
7735150638,"고흥군, 2026년 전남 청년 근속장려금 지원 사업 4월 14일까지 참여 기업...",1,output\news_20260526\naver_0079.txt,http://www.paxetv.com/news/articleView.html?idxno=268164,2026-05-26,2026-05-26,paxetv,2026-04-02
6825757603,"고흥군, 2026년 전남 청년 근속장려금 지원사업 참여기업 모집",1,output\news_20260526\naver_0080.txt,http://www.ttlnews.com/news/articleView.html?idxno=3095463,2026-05-26,2026-05-26,ttlnews,2026-04-02
0591926152,"고흥군, 전남 청년 근속장려금 지원사업 참여기업 모집",1,output\news_20260526\naver_0081.txt,http://www.enewstoday.co.kr/news/articleView.html?idxno=2414208,2026-05-26,2026-05-26,enewstoday,2026-04-02
3625955367,"고흥군, 미취업 청년 자격증 응시료 지원",1,output\news_20260526\naver_0083.txt,http://www.enewstoday.co.kr/news/articleView.html?idxno=2409881,2026-05-26,2026-05-26,enewstoday,2026-03-24
2490731859,‘지방 살리기’에 9.7조… 재정 대폭 보강 [26조 전쟁추경 의결],1,output\news_20260526\naver_0082.txt,https://www.segye.com/newsView/20260331518540?OutUrl=naver,2026-05-26,2026-05-26,segye,2026-03-31
2208363286,"여수시, 인구정책에 청년·출산·노년까지 지원",1,output\news_20260526\naver_0088.txt,https://www.newsfreezone.co.kr/news/articleView.html?idxno=678905,2026-05-26,2026-05-26,newsfreezone,2026-03-10
2115308991,"광주경총, 119억 일자리 예산 확보…""청년 지원 등 총력""",1,output\news_20260526\naver_0087.txt,https://www.newsis.com/view/NISX20260311_0003543308,2026-05-26,2026-05-26,newsis,2026-03-11
8646300519,"여수시, 생애주기별 인구정책에 4,394억 원 투입",1,output\news_20260526\naver_0085.txt,http://www.newsmaker.or.kr/news/articleView.html?idxno=175109,2026-05-26,2026-05-26,newsmaker,2026-03-11
8981425142,"여수시, 생애주기별 인구정책 '4,394억원 투입'",1,output\news_20260526\naver_0090.txt,http://www.inews24.com/view/1947290,2026-05-26,2026-05-26,inews24,2026-03-10
7872039048,"여수시, 생애주기별 인구정책에 4394억원 투입",1,output\news_20260526\naver_0089.txt,https://www.tournews21.com/news/articleView.html?idxno=131323,2026-05-26,2026-05-26,tournews21,2026-03-10
5394948783,"[특집] '통합 지원체계 구축' 여수시, 생애주기별 인구정책에 4394억 투입",1,output\news_20260526\naver_0086.txt,https://kpenews.com/View.aspx?No=3999637,2026-05-26,2026-05-26,kpenews,2026-03-11
4547373861,"여수시, '인구감소 대응' 생애주기별 정책 본격화",1,output\news_20260526\naver_0091.txt,https://www.jnilbo.com/news/articleView.html?idxno=90000025831,2026-05-26,2026-05-26,jnilbo,2026-03-10
0217336684,"순천시, 청년근속장려금 참여 기업 모집",1,output\news_20260526\naver_0095.txt,https://www.namdonews.com/news/articleView.html?idxno=902594,2026-05-26,2026-05-26,namdonews,2026-02-28
7850436942,광주경총 일자리 예산 '119억 원' 기반 고용 확대 추진,1,output\news_20260526\naver_0084.txt,http://www.gjdream.com/news/articleView.html?idxno=667773,2026-05-26,2026-05-26,gjdream,2026-03-11
1366956748,"'청년친화도시' 순천시, 청년 근속장려금 참여 기업 모집..총 80명 지원",1,output\news_20260526\naver_0097.txt,https://kpenews.com/View.aspx?No=3985241,2026-05-26,2026-05-26,kpenews,2026-02-26
5307998647,"[기획] 여수시, 생애주기별 인구정책에 4,394억 원 투입한다",1,output\news_20260526\naver_0093.txt,http://www.newsworker.co.kr/news/articleView.html?idxno=416841,2026-05-26,2026-05-26,newsworker,2026-03-10
9969740138,"순천시, 청년 근속장려금 참여 기업 모집",1,output\news_20260526\naver_0098.txt,http://www.ttlnews.com/news/articleView.html?idxno=3083219,2026-05-26,2026-05-26,ttlnews,2026-02-26
5102525157,"무안군, ""청년 근속장려금 지원, 참여기업 모집합니다""",1,output\news_20260526\naver_0100.txt,https://www.onews.tv/news/articleView.html?idxno=275163,2026-05-26,2026-05-26,onews,2026-02-25
1578972206,"여수시, 생애주기별 인구정책에 4394억원 투입",1,output\news_20260526\naver_0094.txt,http://www.enewstoday.co.kr/news/articleView.html?idxno=2403762,2026-05-26,2026-05-26,enewstoday,2026-03-10
9971850916,"여수시, 생애주기별 인구정책에 4,394억 원 투입한다",1,output\news_20260526\naver_0092.txt,http://www.netongs.com/news/articleView.html?idxno=331438,2026-05-26,2026-05-26,netongs,2026-03-10
4812641401,‘경북 청송서는 49세가 청년’… 도대체 청년은 몇 살인가요?,1,output\news_20260526\naver_0096.txt,https://www.munhwa.com/article/11570809?ref=naver,2026-05-26,2026-05-26,munhwa,2026-02-26
1110830284,"순천시, 3월 9일까지 청년 근속장려금 참여 기업 모집",1,output\news_20260526\naver_0102.txt,https://www.asiaa.co.kr/news/articleView.html?idxno=241713,2026-05-26,2026-05-26,asiaa,2026-02-25
3355439766,"[커버스토리-2026 우리 동네 노동정책 ④ 좌담회] ""지방정부 노동정책 핵...",1,output\news_20260526\naver_0035.txt,https://www.labortoday.co.kr/news/articleView.html?idxno=234566,2026-05-26,2026-05-26,labortoday,2026-05-26
5264855223,"순천시, 기업·청년 동반 성장 근속지원… 4년간 최대 2천만원 지원",1,output\news_20260526\naver_0099.txt,https://www.newscj.com/news/articleView.html?idxno=3378798,2026-05-26,2026-05-26,newscj,2026-02-25
6681232276,청도군수 김하수·박권현 오차범위 내 접전…공약 비교해 보니,1,output\news_20260526\naver_0107.txt,https://www.news1.kr/local/daegu-gyeongbuk/6177488,2026-05-26,2026-05-26,news1,2026-05-26
6504431313,"나주, 일자리 국비 '26억' 역대 최대… 에너지 인재 500명 키운다",1,output\news_20260526\naver_0101.txt,https://www.newscj.com/news/articleView.html?idxno=3378538,2026-05-26,2026-05-26,newscj,2026-02-25
9485178022,"무안군, 2026년 청년 근속장려금 지원사업 참여기업 3월 9일까지 모집",1,output\news_20260526\naver_0106.txt,http://www.newsmaker.or.kr/news/articleView.html?idxno=174599,2026-05-26,2026-05-26,newsmaker,2026-02-25
2897705509,"정원오, 이틀째 서남권 공략…""정쟁 아닌 민생 한복판 서겠다""",1,output\news_20260526\naver_0111.txt,https://www.yna.co.kr/view/AKR20260526068000001?input=1195m,2026-05-26,2026-05-26,yna,2026-05-26
4732587382,"나주시, 지역산업맞춤형 일자리 공모 선정···역대 최대 국비",1,output\news_20260526\naver_0103.txt,https://www.tournews21.com/news/articleView.html?idxno=130549,2026-05-26,2026-05-26,tournews21,2026-02-25
6229886342,"나주시, 에너지 특화 일자리 창출 공모사업 선정",1,output\news_20260526\naver_0104.txt,https://www.jeonmae.co.kr/news/articleView.html?idxno=1233519,2026-05-26,2026-05-26,jeonmae,2026-02-25
7404896363,"나주시, 지역산업맞춤형 일자리 공모 선정…역대 최대 국비 26억 원 확보",1,output\news_20260526\naver_0105.txt,http://www.shinailbo.co.kr/news/articleView.html?idxno=2195818,2026-05-26,2026-05-26,shinailbo,2026-02-25
7003296641,"[펜앤인터뷰] 공한수 부산 서구청장 후보 ""서구 미래 50년 발전 틀 완성...",1,output\news_20260526\naver_0109.txt,https://www.pennmike.com/news/articleView.html?idxno=121074,2026-05-26,2026-05-26,pennmike,2026-05-26
7070990231,"윤용근 국회의원 후보(국힘), 공동명예선대위원장 안철수 의원 동행 '공...",1,output\news_20260526\naver_0108.txt,http://www.chungnamilbo.co.kr/news/articleView.html?idxno=890283,2026-05-26,2026-05-26,chungnamilbo,2026-05-26
0416123353,"해수부, '남부 해양수도권' 청사진 발표…북극항로 시대 대비",1,output\news_20260526\naver_0114.txt,https://www.yna.co.kr/view/AKR20260526072200051?input=1195m,2026-05-26,2026-05-26,yna,2026-05-26
1226341978,"부산진구 거주 2030 청년들, 김영욱 국민의힘 후보 지지선언",1,output\news_20260526\naver_0117.txt,https://www.pennmike.com/news/articleView.html?idxno=121073,2026-05-26,2026-05-26,pennmike,2026-05-26
9417425357,[용인소식]6월1~30일 '청년기본소득' 2분기 신청 접수 등,1,output\news_20260526\naver_0121.txt,https://www.newsis.com/view/NISX20260526_0003643751,2026-05-26,2026-05-26,newsis,2026-05-26
3689418497,"[6·3선거]노관규 ""순천, RE100 반도체산업 거점도시 육성""",1,output\news_20260526\naver_0116.txt,https://view.asiae.co.kr/article/2026052611140648266,2026-05-26,2026-05-26,view,2026-05-26
7543232618,"""단순개발 넘어 '전략적 산업 플랫폼'으로""…부산진해경자청, 6월 대대적...",1,output\news_20260526\naver_0112.txt,https://news.bbsi.co.kr/news/articleView.html?idxno=4085562,2026-05-26,2026-05-26,news,2026-05-26
6398382058,"""하반기 북극항로 시범 운항""…해양수도권 육성 로드맵 발표",1,output\news_20260526\naver_0110.txt,https://www.newsis.com/view/NISX20260526_0003643697,2026-05-26,2026-05-26,newsis,2026-05-26
1175835298,2026년 중소기업을 빛낸 영광의 얼굴-2,1,output\news_20260526\naver_0115.txt,http://www.kbiznews.co.kr/news/articleView.html?idxno=114210,2026-05-26,2026-05-26,kbiznews,2026-05-26
9904608466,전남·광주 통합 논의 확산…'20조 포럼' 참여 1만 명 넘어,1,output\news_20260526\naver_0125.txt,https://www.m-i.kr/news/articleView.html?idxno=1375920,2026-05-26,2026-05-26,m-i,2026-05-26
7813343890,"해수부, 남부 해양수도권 본격 육성…북극항로 준비 박차",1,output\news_20260526\naver_0119.txt,https://www.newspim.com/news/view/20260526000293,2026-05-26,2026-05-26,newspim,2026-05-26
5027832541,"두나무, 한국장학재단과 지난 5년간 청년 지원에 75억원 기부",1,output\news_20260526\naver_0122.txt,http://www.srtimes.kr/news/articleView.html?idxno=203917,2026-05-26,2026-05-26,srtimes,2026-05-26
2993432835,"서울시, 청년수당 참여자 6000명 추가 모집…월 50만 원씩 최대 6개월",1,output\news_20260526\naver_0118.txt,https://www.munhwa.com/article/11591210?ref=naver,2026-05-26,2026-05-26,munhwa,2026-05-26
5740597921,"중진공, 자립준비청년 'AI 자립 프로그램' 추진…미래설계 지원",1,output\news_20260526\naver_0129.txt,https://www.newspim.com/news/view/20260526000182,2026-05-26,2026-05-26,newspim,2026-05-26
5925192326,"용인시, 24세 청년 대상 청년기본소득 2분기 지급",1,output\news_20260526\naver_0128.txt,http://www.enewstoday.co.kr/news/articleView.html?idxno=2432694,2026-05-26,2026-05-26,enewstoday,2026-05-26
2183042027,"LG, 전국 청년 1000명 'AX 실무 인재'로 키운다… 하반기 직무 교육",1,output\news_20260526\naver_0130.txt,https://www.financialpost.co.kr/news/articleView.html?idxno=260391,2026-05-26,2026-05-26,financialpost,2026-05-26
4130091512,"[6·3공주]시장 토론회, '위기 진단' vs '성과 주장' 팽팽히 맞서",1,output\news_20260526\naver_0131.txt,https://www.newsis.com/view/NISX20260526_0003643583,2026-05-26,2026-05-26,newsis,2026-05-26
3065832878,장날 민심 잡은 국민의힘…여주 한글시장 합동유세 총력전,1,output\news_20260526\naver_0134.txt,http://www.enewstoday.co.kr/news/articleView.html?idxno=2432685,2026-05-26,2026-05-26,enewstoday,2026-05-26
0465631618,"[6·3선거]광양·구례·곡성, '초광역 관광 프로젝트' 공동 추진",1,output\news_20260526\naver_0132.txt,https://view.asiae.co.kr/article/2026052608512170801,2026-05-26,2026-05-26,view,2026-05-26
4552520655,"안면도 집중유세 나선 태안 국힘 후보들... ""원팀으로 도약 이끌 것""",1,output\news_20260526\naver_0126.txt,https://www.ohmynews.com/NWS_Web/View/at_pg.aspx?CNTN_CD=A0003237379&CMPT_CD=P0010&utm_source=naver&utm_medium=newsearch&utm_campaign=naver_news,2026-05-26,2026-05-26,ohmynews,2026-05-26
5308224791,"중진공, 자립준비청년 미래 설계 위한 'AI 자립 프로그램' 신규 추진",1,output\news_20260526\naver_0137.txt,https://www.mt.co.kr/economy/2026/05/26/2026052608575324934,2026-05-26,2026-05-26,mt,2026-05-26
3716872343,[2026 지선] 이주연 북구의원 후보 “청년 떠나는 부산 바꿔야…새로운...,1,output\news_20260526\naver_0135.txt,http://www.inews24.com/view/1971139,2026-05-26,2026-05-26,inews24,2026-05-26
1933326946,"이완섭 서산시장 후보 ""인구정책 본질 모르는 왜곡된 정치 공세""라고 폄...",1,output\news_20260526\naver_0136.txt,http://www.chungnamilbo.co.kr/news/articleView.html?idxno=890233,2026-05-26,2026-05-26,chungnamilbo,2026-05-26
1521217416,'신생아 1억 펀드에서 코스트코까지' 톡톡 튀는 이색 공약들,1,output\news_20260526\naver_0139.txt,https://www.newsis.com/view/NISX20260526_0003643865,2026-05-26,2026-05-26,newsis,2026-05-26
0766587483,"박재범 민주당 부산 남구청장 후보, '남구형 기본사회' 공약 발표···일...",1,output\news_20260526\naver_0140.txt,https://www.smartbizn.com/news/articleView.html?idxno=144669,2026-05-26,2026-05-26,smartbizn,2026-05-26
1363324006,"김재욱 칠곡군수 후보, 체감형 공약 발표",1,output\news_20260526\naver_0141.txt,https://www.m-i.kr/news/articleView.html?idxno=1375841,2026-05-26,2026-05-26,m-i,2026-05-26
2329244144,청년 창업·복지·북카페 결합…도시재생 새 모델 나왔다,1,output\news_20260526\naver_0143.txt,https://www.mt.co.kr/estate/2026/05/26/2026052016030988467,2026-05-26,2026-05-26,mt,2026-05-26
4171566365,"용인 반도체 국가산단, 현근택 '조기 가동' vs 이상일 '정상 진행'",1,output\news_20260526\naver_0146.txt,https://www.ohmynews.com/NWS_Web/View/at_pg.aspx?CNTN_CD=A0003237217&CMPT_CD=P0010&utm_source=naver&utm_medium=newsearch&utm_campaign=naver_news,2026-05-26,2026-05-26,ohmynews,2026-05-25
0130574945,"""누구나 누려야 할 권리"" 박재범 후보 '남구형 기본사회' 비전 제시",1,output\news_20260526\naver_0144.txt,https://www.gukjenews.com/news/articleView.html?idxno=3591538,2026-05-26,2026-05-26,gukjenews,2026-05-25
7643999048,"[후보 24시] 이상일, 용인중앙시장서 민심 집중 공략...표심잡기에 총력",1,output\news_20260526\naver_0145.txt,http://www.beyondpost.co.kr/view.php?ud=2026052519315951444c878f8fa1_30,2026-05-26,2026-05-26,beyondpost,2026-05-25
1205052395,민주당 제천중앙시장서 주말 집중유세,1,output\news_20260526\naver_0148.txt,http://www.cctimes.kr/news/articleView.html?idxno=908347,2026-05-26,2026-05-26,cctimes,2026-05-25
8948565616,"김재욱 칠곡군수 후보, '칠곡 5대 비전' 발표…청년·산업·교통 집중",1,output\news_20260526\naver_0147.txt,https://www.kyongbuk.co.kr/news/articleView.html?idxno=4073690,2026-05-26,2026-05-26,kyongbuk,2026-05-25
6924229660,[6.3 지방선거 이것이 정책] 김재욱 칠곡군수 후보 5대 비전·공약 발표,1,output\news_20260526\naver_0150.txt,https://www.idaegu.com/news/articleView.html?idxno=662713,2026-05-26,2026-05-26,idaegu,2026-05-25
9344839913,"조한영 ""말뿐인 인구 10만 아닌 살고 싶은 예산군 만들 것""",1,output\news_20260526\naver_0156.txt,https://www.goodmorningcc.com/news/articleView.html?idxno=446485,2026-05-26,2026-05-26,goodmorningcc,2026-05-22
8154047693,정현택 “32년 행정 경험 ‘구례 대전환’ 시키겠다”,1,output\news_20260526\naver_0154.txt,https://biz.heraldcorp.com/article/10743704?ref=naver,2026-05-26,2026-05-26,biz,2026-05-22
1490473884,"""정치하러 나온 게 아닙니다, 일하러 나왔습니다""… 조국혁신당 곽승만...",1,output\news_20260526\naver_0142.txt,http://www.ttlnews.com/news/articleView.html?idxno=3110947,2026-05-26,2026-05-26,ttlnews,2026-05-26
1051250311,김대영“정체된 12년 끝내고 시민 중심 새로운 안양을 만들겠다”,1,output\news_20260526\naver_0159.txt,https://www.sportsseoul.com/news/read/1610750?ref=naver,2026-05-26,2026-05-26,sportsseoul,2026-05-21
6906566514,전북도지사 후보 5인5색 공약점검,1,output\news_20260526\naver_0158.txt,http://www.domin.co.kr/news/articleView.html?idxno=1556227,2026-05-26,2026-05-26,domin,2026-05-21
5369511683,"육동한 춘천시장 후보, ‘민생경제’ 전방위 행보…“춘천 경제 체질 개...",1,output\news_20260526\naver_0162.txt,https://news.mtn.co.kr/news-detail/2026052115361689678,2026-05-26,2026-05-26,news,2026-05-21
0018355174,이인규 동두천시장 후보 공약 발표,1,output\news_20260526\naver_0164.txt,https://www.jeonmae.co.kr/news/articleView.html?idxno=1258621,2026-05-26,2026-05-26,jeonmae,2026-05-21
5183869224,"인천시, 소상공인 경영안정 위해 225억 특례보증 푼다",1,output\news_20260526\naver_0166.txt,http://www.beyondpost.co.kr/view.php?ud=2026052109083327614c878f8fa1_30,2026-05-26,2026-05-26,beyondpost,2026-05-21
5700197092,"김종오, 성과로 증명한 '오직 시민'...광명 바꿀 7대 프로젝트 제시",1,output\news_20260526\naver_0152.txt,http://www.joygm.com/news/articleView.html?idxno=215184,2026-05-26,2026-05-26,joygm,2026-05-25
8845080571,[서울&amp;] “자신의 감 믿지 말고 전문가 도움 받아라”,1,output\news_20260526\naver_0165.txt,http://www.seouland.com/arti/society/society_general/24174.html,2026-05-26,2026-05-26,seouland,2026-05-21
3786617626,"[희망기획-저출산·고령화시대, 지역答하다(45) 경북 영주시편] 지방소...",1,output\news_20260526\naver_0167.txt,https://www.ilyoseoul.co.kr/news/articleView.html?idxno=517108,2026-05-26,2026-05-26,ilyoseoul,2026-05-21
3030363296,"서초구, 1154억원 투입해 일자리 2만629개 창출한다",1,output\news_20260526\naver_0171.txt,https://www.newsis.com/view/NISX20260520_0003638182,2026-05-26,2026-05-26,newsis,2026-05-20
1938274310,"[6·3 지방선거] 김대영 안양시장 후보 ""정체된 안양 바꾸겠다""…균형발...",1,output\news_20260526\naver_0170.txt,https://www.polinews.co.kr/news/articleView.html?idxno=731777,2026-05-26,2026-05-26,polinews,2026-05-20
5894626327,"[6·3 지방선거] 김기하 동해시장 후보 ""동해의 위기를 성장 기회로""…산...",1,output\news_20260526\naver_0169.txt,https://www.ajunews.com/view/20260520193250019,2026-05-26,2026-05-26,ajunews,2026-05-20
5157020141,"&lt;보수 대구의 진보 동행&gt; 양희, 빗 속 뛰어든 간절함...""마을 잘 아는 구...",1,output\news_20260526\naver_0043.txt,https://www.pn.or.kr/news/articleView.html?idxno=33671,2026-05-26,2026-05-26,pn,2026-05-25
4241115430,[인터뷰] 더불어민주당 신용한 충북지사 후보,1,output\news_20260526\naver_0155.txt,http://www.inews24.com/view/1970758,2026-05-26,2026-05-26,inews24,2026-05-22
1347069773,"[6·3 선택, 후보에게 묻다] 반도체 넘어 드론·방산까지…김경희 이천...",1,output\news_20260526\naver_0153.txt,https://www.etnews.com/20260524000013,2026-05-26,2026-05-26,etnews,2026-05-24
3471464297,"경향신문 ""국힘, '윤어게인'도 모자라 '박어게인'""",1,output\news_20260526\naver_0113.txt,https://www.mediaus.co.kr/news/articleView.html?idxno=317070,2026-05-26,2026-05-26,mediaus,2026-05-26
7115891489,[인터뷰] 공한수 국민의힘 부산 서구청장 후보,1,output\news_20260526\naver_0123.txt,http://www.iminju.net/news/articleView.html?idxno=164278,2026-05-26,2026-05-26,iminju,2026-05-26
9790918666,"[제11대 서울시의회 돌아보기⑥] 행정자치위, 견제와 타협 사이, '거대 ...",1,output\news_20260526\naver_0157.txt,http://www.bizwnews.com/news/articleView.html?idxno=137137,2026-05-26,2026-05-26,bizwnews,2026-05-22
3196188271,"이 ""청년·AI 혁신"" vs 정 ""성과·인프라 완성"" 격돌",1,output\news_20260526\naver_0168.txt,https://www.cctoday.co.kr/news/articleView.html?idxno=2230486,2026-05-26,2026-05-26,cctoday,2026-05-21
2726573680,"[인터뷰] '다다다다' 열풍의 주인공 김홍열 포항시의원 후보, ""주민만 만...",1,output\news_20260526\naver_0172.txt,https://www.polinews.co.kr/news/articleView.html?idxno=731785,2026-05-26,2026-05-26,polinews,2026-05-20
